name,listeners,mbid,url
BurnaBoy,224,,https://www.last.fm/music/BurnaBoy
Burgaboy,11306,e74dbd59-59fe-4fcb-b356-12eb3fb24bab,https://www.last.fm/music/Burgaboy
burnboy,3557,29ca975c-b437-4f39-9c45-f96d1d922a3a,https://www.last.fm/music/burnboy
Karnaboy,10154,4744f936-c6b1-45a8-aba5-c99048c586c1,https://www.last.fm/music/Karnaboy
Barnaby Bright,18459,5000b5f7-d6a8-4a6c-b745-0059d09af28b,https://www.last.fm/music/Barnaby+Bright
Barnaby Jones,2765,8365702a-d735-4b05-8fe7-5f896a6257e8,https://www.last.fm/music/Barnaby+Jones
Barnaby Taylor,6078,ec2b8d7c-7cd2-4c52-94a4-18f3ca16984c,https://www.last.fm/music/Barnaby+Taylor
Neoni, burnboy,591,,https://www.last.fm/music/Neoni,+burnboy
BURNABLE/UNBURNABLE,4124,8a395638-b847-40c6-ada4-fab60cb6dd2f,https://www.last.fm/music/BURNABLE%2FUNBURNABLE
Neoni & burnboy,703,,https://www.last.fm/music/Neoni+&+burnboy
Barnaby Keen,13531,cd0a764a-4bc0-422b-a80b-72edc392dee9,https://www.last.fm/music/Barnaby+Keen
Hicktown Barnaby,1935,8a04d82e-8102-4053-9041-7e9db7b841e9,https://www.last.fm/music/Hicktown+Barnaby
Barnaby,2344,42a843d6-01c5-4fe2-9550-cbdea5e488a4,https://www.last.fm/music/Barnaby
Burnabee,70,,https://www.last.fm/music/Burnabee
burntboi,278,,https://www.last.fm/music/burntboi
MurdaBoy,136,,https://www.last.fm/music/MurdaBoy
burnbaby,469,,https://www.last.fm/music/burnbaby
Barnaby Bye,1758,6d1a2af3-e595-455a-8dd1-00635c26235f,https://www.last.fm/music/Barnaby+Bye
Barnaby Jenkins,1897,,https://www.last.fm/music/Barnaby+Jenkins
Barnaby Carter,1471,1383dd9e-acce-404d-b8eb-588909cd5955,https://www.last.fm/music/Barnaby+Carter
Bunnyboy,263,,https://www.last.fm/music/Bunnyboy
Barnaby Griffin,1596,,https://www.last.fm/music/Barnaby+Griffin
Barnaby.,546,42a843d6-01c5-4fe2-9550-cbdea5e488a4,https://www.last.fm/music/Barnaby.
burnboy & Brooke Williams,96,,https://www.last.fm/music/burnboy+&+Brooke+Williams
Neoni e burnboy,73,,https://www.last.fm/music/Neoni+e+burnboy
Barnaby Weir,762,2c173657-7884-4ada-9455-c40f49688d70,https://www.last.fm/music/Barnaby+Weir
Barnaby Swanson,64,,https://www.last.fm/music/Barnaby+Swanson
Burgaboy & Teresa,249,,https://www.last.fm/music/Burgaboy+&+Teresa
Alfi barnaby,10,,https://www.last.fm/music/Alfi+barnaby
Barnaby Bruce,427,1cf40e1b-5c90-4dc3-bdb5-0a38ff30f937,https://www.last.fm/music/Barnaby+Bruce